{
  "title": "Random Wheel",
  "description": "Random Wheel",
  "machineName": "H5P.Randomwheel",
  "majorVersion": 1,
  "minorVersion": 4,
  "patchVersion": 6,
  "runnable": 1,
  "author": "Pimenko",
  "coreApi": {
    "majorVersion": 1,
    "minorVersion": 4
  },
  "preloadedCss": [
    {
      "path": "css/RandomWheel.css"
    }
  ],
  "preloadedJs": [
    {
      "path": "js/RandomWheel.js"
    },
    {
      "path": "js/TweenMax.min.js"
    },
    {
      "path": "js/Winwheel.min.js"
    }
  ],
  "preloadedDependencies": [
    {
      "machineName": "H5P.JoubelUI",
      "majorVersion": "1",
      "minorVersion": "3"
    }
  ]
}